{
    "layers": [
        "housenumber",
        "water_name",
        "transportation",
        "transportation_name",
        "building",
        "contour",
        "water",
        "waterway",
        "mountain_peak",
        "poi",
        "aerodrome_label",
        "route",
        "boundary",
        "park",
        "place",
        "landuse",
        "landcover",
        "aeroway"
    ],
    "styles": [
        "topo/style.mss",
        "shared/admin.mss",
        "shared/terrain.mss",
        "shared/hydro.mss",
        "shared/landuse.mss",
        "shared/roads.mss",
        "shared/labels.mss"
    ],
    "nutiparameters": {
        "lang": {
            "default": "en"
        },
        "zoomBiais": {
            "default": 0
        },
        "selected_id": {
            "default": "0"
        },
        "selected_name": {
            "default": ""
        },
        "buildings": {
            "default": 1,
            "values": {
                "1": 1,
                "0": 0,
                "2": 2
            }
        },
        "contours": {
            "default": 1,
            "values": {
                "1": 1,
                "0": 0
            }
        },
        "routes": {
            "default": 0,
            "values": {
                "1": 1,
                "0": 0
            }
        },
        "fallback_lang": {
            "default": "en"
        },
        "texts3d": {
            "default": "nutibillboard",
            "values": {
                "1": "nutibillboard",
                "0": "point"
            }
        },
        "markers3d": {
            "default": "nutibillboard",
            "values": {
                "1": "nutibillboard",
                "0": "point"
            }
        },
        "shields3d": {
            "default": "nutibillboard",
            "values": {
                "1": "nutibillboard",
                "0": "point"
            }
        },
        "osm-alcohol": {
            "default": "\ue900"
        },
        "osm-alpinehut": {
            "default": "\ue901"
        },
        "osm-amusement_arcade": {
            "default": "\ue902"
        },
        "osm-apartment": {
            "default": "\ue903"
        },
        "osm-archaeological_site": {
            "default": "\ue904"
        },
        "osm-art": {
            "default": "\ue905"
        },
        "osm-arts_centre": {
            "default": "\ue906"
        },
        "osm-artwork": {
            "default": "\ue907"
        },
        "osm-atm": {
            "default": "\ue908"
        },
        "osm-audioguide": {
            "default": "\ue909"
        },
        "osm-bag": {
            "default": "\ue90a"
        },
        "osm-bakery": {
            "default": "\ue90b"
        },
        "osm-bank": {
            "default": "\ue90c"
        },
        "osm-bar": {
            "default": "\ue90d"
        },
        "osm-bbq": {
            "default": "\ue90e"
        },
        "osm-beach_resort": {
            "default": "\ue90f"
        },
        "osm-beauty": {
            "default": "\ue910"
        },
        "osm-bed": {
            "default": "\ue911"
        },
        "osm-bell_tower": {
            "default": "\ue912"
        },
        "osm-bench": {
            "default": "\ue913"
        },
        "osm-beverages": {
            "default": "\ue914"
        },
        "osm-bicycle_parking": {
            "default": "\ue915"
        },
        "osm-bicycle_repair_station": {
            "default": "\ue916"
        },
        "osm-bicycle": {
            "default": "\ue917"
        },
        "osm-biergarten": {
            "default": "\ue918"
        },
        "osm-bird_hide": {
            "default": "\ue919"
        },
        "osm-board": {
            "default": "\ue91a"
        },
        "osm-boat_rental": {
            "default": "\ue91b"
        },
        "osm-bookmaker": {
            "default": "\ue91c"
        },
        "osm-bowling_alley": {
            "default": "\ue91d"
        },
        "osm-bureau_de_change": {
            "default": "\ue91e"
        },
        "osm-bus_stop": {
            "default": "\ue91f"
        },
        "osm-tram_stop": {
            "default": "\ue91f"
        },
        "osm-bust": {
            "default": "\ue920"
        },
        "osm-butcher": {
            "default": "\ue921"
        },
        "osm-cafe": {
            "default": "\ue922"
        },
        "osm-camping": {
            "default": "\ue923"
        },
        "osm-campsite": {
            "default": "\ue923"
        },
        "osm-car_parts": {
            "default": "\ue924"
        },
        "osm-car_repair": {
            "default": "\ue925"
        },
        "osm-car_wash": {
            "default": "\ue926"
        },
        "osm-car": {
            "default": "\ue927"
        },
        "osm-caravan_park": {
            "default": "\ue928"
        },
        "osm-carpet": {
            "default": "\ue929"
        },
        "osm-casino": {
            "default": "\ue92a"
        },
        "osm-castle": {
            "default": "\ue92b"
        },
        "osm-cave": {
            "default": "\ue92c"
        },
        "osm-cave_entrance": {
            "default": "\ue92c"
        },
        "osm-chalet": {
            "default": "\ue92d"
        },
        "osm-charging_station": {
            "default": "\ue92e"
        },
        "osm-charity": {
            "default": "\ue92f"
        },
        "osm-chemist": {
            "default": "\ue930"
        },
        "osm-chimney": {
            "default": "\ue931"
        },
        "osm-cinema": {
            "default": "\ue932"
        },
        "osm-city_gate": {
            "default": "\ue933"
        },
        "osm-sally_port": {
            "default": "\ue933"
        },
        "osm-gate": {
            "default": "\ue9db"
        },
        "osm-clothes": {
            "default": "\ue934"
        },
        "osm-coffee": {
            "default": "\ue935"
        },
        "osm-college": {
            "default": "\ue9dc"
        },
        "osm-school": {
            "default": "\ue9dd"
        },
        "osm-communications_tower": {
            "default": "\ue936"
        },
        "osm-community_centre": {
            "default": "\ue937"
        },
        "osm-computer": {
            "default": "\ue938"
        },
        "osm-confectionery": {
            "default": "\ue939"
        },
        "osm-convenience": {
            "default": "\ue93a"
        },
        "osm-copyshop": {
            "default": "\ue93b"
        },
        "osm-courthouse": {
            "default": "\ue93c"
        },
        "osm-crane": {
            "default": "\ue93d"
        },
        "osm-cross": {
            "default": "\ue93e"
        },
        "osm-dairy": {
            "default": "\ue93f"
        },
        "osm-deli": {
            "default": "\ue940"
        },
        "osm-dentist": {
            "default": "\ue941"
        },
        "osm-department_store": {
            "default": "\ue942"
        },
        "osm-diy": {
            "default": "\ue943"
        },
        "osm-doctors": {
            "default": "\ue944"
        },
        "osm-drinking_water": {
            "default": "\ue945"
        },
        "osm-electronics": {
            "default": "\ue946"
        },
        "osm-embassy": {
            "default": "\ue947"
        },
        "osm-emergency_phone": {
            "default": "\ue948"
        },
        "osm-entrance10": {
            "default": "\ue949"
        },
        "osm-excrement_bags": {
            "default": "\ue94a"
        },
        "osm-fabric": {
            "default": "\ue94b"
        },
        "osm-fast_food": {
            "default": "\ue94c"
        },
        "osm-ferry": {
            "default": "\ue94d"
        },
        "osm-firepit": {
            "default": "\ue94e"
        },
        "osm-firestation": {
            "default": "\ue94f"
        },
        "osm-fishing": {
            "default": "\ue950"
        },
        "osm-fitness": {
            "default": "\ue951"
        },
        "osm-florist": {
            "default": "\ue952"
        },
        "osm-ford": {
            "default": "\ue953"
        },
        "osm-fort": {
            "default": "\ue954"
        },
        "osm-fortress": {
            "default": "\ue955"
        },
        "osm-fountain": {
            "default": "\ue956"
        },
        "osm-bassin": {
            "default": "\ue956"
        },
        "osm-fuel": {
            "default": "\ue957"
        },
        "osm-furniture": {
            "default": "\ue958"
        },
        "osm-garden_centre": {
            "default": "\ue959"
        },
        "osm-generator_wind": {
            "default": "\ue95a"
        },
        "osm-gift": {
            "default": "\ue95b"
        },
        "osm-golf": {
            "default": "\ue95c"
        },
        "osm-greengrocer": {
            "default": "\ue95d"
        },
        "osm-guest_house": {
            "default": "\ue95e"
        },
        "osm-guidepost": {
            "default": "\ue95f"
        },
        "osm-hairdresser": {
            "default": "\ue960"
        },
        "osm-hifi": {
            "default": "\ue961"
        },
        "osm-hospital": {
            "default": "\ue962"
        },
        "osm-hostel": {
            "default": "\ue963"
        },
        "osm-hotel": {
            "default": "\ue964"
        },
        "osm-houseware": {
            "default": "\ue965"
        },
        "osm-hunting_stand": {
            "default": "\ue966"
        },
        "osm-ice_cream": {
            "default": "\ue967"
        },
        "osm-information": {
            "default": "\ue968"
        },
        "osm-interior_decoration": {
            "default": "\ue969"
        },
        "osm-internet_cafe": {
            "default": "\ue96a"
        },
        "osm-jewelry": {
            "default": "\ue96b"
        },
        "osm-laundry": {
            "default": "\ue96c"
        },
        "osm-library": {
            "default": "\ue96d"
        },
        "osm-lighthouse": {
            "default": "\ue96e"
        },
        "osm-manor": {
            "default": "\ue96f"
        },
        "osm-map": {
            "default": "\ue970"
        },
        "osm-marketplace": {
            "default": "\ue971"
        },
        "osm-massage": {
            "default": "\ue972"
        },
        "osm-mast_communications": {
            "default": "\ue973"
        },
        "osm-mast_lighting": {
            "default": "\ue974"
        },
        "osm-mast": {
            "default": "\ue975"
        },
        "osm-medical_supply": {
            "default": "\ue976"
        },
        "osm-memorial": {
            "default": "\ue977"
        },
        "osm-miniature_golf": {
            "default": "\ue978"
        },
        "osm-mobile_phone": {
            "default": "\ue979"
        },
        "osm-monument": {
            "default": "\ue97a"
        },
        "osm-motel": {
            "default": "\ue97b"
        },
        "osm-motorcycle_parking": {
            "default": "\ue97c"
        },
        "osm-museum": {
            "default": "\ue97d"
        },
        "osm-music": {
            "default": "\ue97e"
        },
        "osm-musical_instrument": {
            "default": "\ue97f"
        },
        "osm-newsagent": {
            "default": "\ue980"
        },
        "osm-nightclub": {
            "default": "\ue981"
        },
        "osm-obelisk": {
            "default": "\ue982"
        },
        "osm-office": {
            "default": "\ue983"
        },
        "osm-oneway-reverse": {
            "default": "\ue984"
        },
        "osm-oneway": {
            "default": "\ue985"
        },
        "osm-optician": {
            "default": "\ue986"
        },
        "osm-outdoor_seating": {
            "default": "\ue987"
        },
        "osm-outdoor": {
            "default": "\ue988"
        },
        "osm-park": {
            "default": "\ue988"
        },
        "osm-paint": {
            "default": "\ue989"
        },
        "osm-palace": {
            "default": "\ue98a"
        },
        "osm-parking_entrance_multistorey": {
            "default": "\ue98b"
        },
        "osm-parking_entrance_underground": {
            "default": "\ue98c"
        },
        "osm-parking_tickets": {
            "default": "\ue98d"
        },
        "osm-parking": {
            "default": "\ue98e"
        },
        "osm-peak": {
            "default": "\ue98f"
        },
        "osm-mountain_peak": {
            "default": "\ue98f"
        },
        "osm-perfumery": {
            "default": "\ue990"
        },
        "osm-pet": {
            "default": "\ue991"
        },
        "osm-pharmacy": {
            "default": "\ue992"
        },
        "osm-photo": {
            "default": "\ue993"
        },
        "osm-picnic": {
            "default": "\ue994"
        },
        "osm-place_of_worship": {
            "default": "\ue995"
        },
        "osm-plaque": {
            "default": "\ue996"
        },
        "osm-playground": {
            "default": "\ue997"
        },
        "osm-police": {
            "default": "\ue998"
        },
        "osm-post_box": {
            "default": "\ue999"
        },
        "osm-post_office": {
            "default": "\ue99a"
        },
        "osm-prison": {
            "default": "\ue99b"
        },
        "osm-pub": {
            "default": "\ue99c"
        },
        "osm-public_bath": {
            "default": "\ue99d"
        },
        "osm-public_bookcase": {
            "default": "\ue99e"
        },
        "osm-public_transport_tickets": {
            "default": "\ue99f"
        },
        "osm-recycling": {
            "default": "\ue9a0"
        },
        "osm-rental_bicycle": {
            "default": "\ue9a1"
        },
        "osm-rental_car": {
            "default": "\ue9a2"
        },
        "osm-restaurant": {
            "default": "\ue9a3"
        },
        "osm-saddle": {
            "default": "\ue9a4"
        },
        "osm-sauna": {
            "default": "\ue9a5"
        },
        "osm-seafood": {
            "default": "\ue9a6"
        },
        "osm-second_hand": {
            "default": "\ue9a7"
        },
        "osm-shelter": {
            "default": "\ue9a8"
        },
        "osm-shoes": {
            "default": "\ue9a9"
        },
        "osm-shower": {
            "default": "\ue9aa"
        },
        "osm-shrine": {
            "default": "\ue9ab"
        },
        "osm-slipway": {
            "default": "\ue9ac"
        },
        "osm-social_facility": {
            "default": "\ue9ad"
        },
        "osm-sports": {
            "default": "\ue9ae"
        },
        "osm-spring": {
            "default": "\ue9af"
        },
        "osm-stationery": {
            "default": "\ue9b0"
        },
        "osm-statue": {
            "default": "\ue9b1"
        },
        "osm-stone": {
            "default": "\ue9b2"
        },
        "osm-storage_tank": {
            "default": "\ue9b3"
        },
        "osm-supermarket": {
            "default": "\ue9b4"
        },
        "osm-taxi": {
            "default": "\ue9b5"
        },
        "osm-tea": {
            "default": "\ue9b6"
        },
        "osm-telephone": {
            "default": "\ue9b7"
        },
        "osm-telescope_dish": {
            "default": "\ue9b8"
        },
        "osm-telescope_dome": {
            "default": "\ue9b9"
        },
        "osm-terminal": {
            "default": "\ue9ba"
        },
        "osm-theatre": {
            "default": "\ue9bb"
        },
        "osm-tobacco": {
            "default": "\ue9bc"
        },
        "osm-toilets": {
            "default": "\ue9bd"
        },
        "osm-tower_cantilever_communication": {
            "default": "\ue9be"
        },
        "osm-tower_cooling": {
            "default": "\ue9bf"
        },
        "osm-tower_defensive": {
            "default": "\ue9c0"
        },
        "osm-tower_dish": {
            "default": "\ue9c1"
        },
        "osm-tower_dome": {
            "default": "\ue9c2"
        },
        "osm-tower_generic": {
            "default": "\ue9c3"
        },
        "osm-tower_lattice_communication": {
            "default": "\ue9c4"
        },
        "osm-tower_lattice_lighting": {
            "default": "\ue9c5"
        },
        "osm-tower_lattice": {
            "default": "\ue9c6"
        },
        "osm-tower_lighting": {
            "default": "\ue9c7"
        },
        "osm-tower_observation": {
            "default": "\ue9c8"
        },
        "osm-town_hall": {
            "default": "\ue9c9"
        },
        "osm-toys": {
            "default": "\ue9ca"
        },
        "osm-trade": {
            "default": "\ue9cb"
        },
        "osm-travel_agency": {
            "default": "\ue9cc"
        },
        "osm-tyres": {
            "default": "\ue9cd"
        },
        "osm-variety_store": {
            "default": "\ue9ce"
        },
        "osm-vehicle_inspection": {
            "default": "\ue9cf"
        },
        "osm-veterinary": {
            "default": "\ue9d0"
        },
        "osm-video_games": {
            "default": "\ue9d1"
        },
        "osm-video": {
            "default": "\ue9d2"
        },
        "osm-viewpoint": {
            "default": "\ue9d3"
        },
        "osm-waste_basket": {
            "default": "\ue9d4"
        },
        "osm-waste_disposal": {
            "default": "\ue9d5"
        },
        "osm-water_park": {
            "default": "\ue9d6"
        },
        "osm-water_tower": {
            "default": "\ue9d7"
        },
        "osm-waterfall": {
            "default": "\ue9d8"
        },
        "osm-wilderness_hut": {
            "default": "\ue9d9"
        },
        "osm-alpine_hut": {
            "default": "\ue9d9"
        },
        "osm-windmill": {
            "default": "\ue9da"
        }
    },
    "name": "voyager"
}